{"cameraMode":{"drawMode":0,"name":"Shaded","section":"Shading Mode"},"sceneLighting":false,"audioPlay":false,"sceneViewState":{"m_AlwaysRefresh":false,"showFog":true,"showSkybox":true,"showFlares":true,"showImageEffects":true,"showParticleSystems":true,"showVisualEffectGraphs":true,"m_FxEnabled":false},"in2DMode":false,"pivot":{"x":-1.0593373775482178,"y":-5.408664703369141,"z":6.8708648681640629},"rotation":{"x":-0.011313729919493199,"y":-0.9049273729324341,"z":0.4248078763484955,"w":-0.024186652153730394},"size":31.733524322509767,"orthographic":false}